video_id,channel_Name,video_title,publishedTime,views,likes,comments,category
t5OKlU0icRs,Warner Music India,I'm Done. | Maan Panu | I-Popstar Season 1 | Episode 2,2025-10-27 14:30:44+00:00,436118,25557,601,10
3wNk0Vih7C4,ashish chanchlani vines,Ekaki Official Trailer | Ashish Chanchlani | ACV Studios | Releasing on 27th November,2025-10-27 08:34:07+00:00,7374010,764960,45889,23
eJ6obmi_fZ0,Carry Depie,Doorbin Got Trolled On His Birthday in Minecraft..,2025-10-28 10:02:21+00:00,458137,8823,1260,20
H63yrNZZpjY,Vansh Records,Payal Ki Khanak | Official Video | Hindi New Song | Anil Rawat | Kajal | Mohit Love | Bhaigiri Music,2025-10-27 06:34:48+00:00,193302,563,15,10
Qm-wNxOcEL4,Sithara Entertainments,"Mass Jathara - TRAILER | Ravi Teja, Sreeleela | Bhanu Bhogavarapu | Bheems Ceciroleo | S Naga Vamsi",2025-10-27 14:36:30+00:00,5612455,148392,5630,24
VixDNruvWV0,ANVI GAMING,AAO GRANNY KHELE || GRANNY LIVE HORROR GAMEPLAY VIDEO #1 #granny #shorts #shortslive #horrorgame,2025-10-28 11:39:52+00:00,621406,9017,10,20
6JDqdta5Zs0,SRLoFiVEVO,SR LoFi - Lal Dupatta Ud Gaya Re Tere Hawa Ke Jhonke Se | full HD video song |Mujhse Shaadi Karogi,2025-10-27 21:47:36+00:00,260470,850,10,10
YPUV--sT2oQ,Junglee Pictures,"HAQ | Official Trailer | Yami Gautam Dhar, Emraan Hashmi | Suparn S Varma | In Cinemas 7th Nov",2025-10-27 14:23:34+00:00,10852470,44210,2977,1
_UBxgwKONi8,Sports Talks,India vs Australia 1st T20 Match 2025 | IND vs AUS Live Score | Live Cricket Match Today part 1,2025-10-27 06:26:22+00:00,1412092,11009,948,17
J3LkpLD_GAQ,Humble Music,Duniya (Official Video) - Sikandar X Gulab Sidhu | Punjabi Songs 2025,2025-10-27 04:30:16+00:00,1119839,61576,1355,10
m1Z6aiZC6v8,YOGI BOLTA HAI,Ekaki Trailer Review | Yogi Bolta Hai,2025-10-27 11:44:21+00:00,570760,31905,776,24
WGpGwygI4Os,ANZU SENPAI,Live Horror Game Granny #shortslive #granny #shorts #shortsfeed,2025-10-28 09:31:38+00:00,1368511,0,32,20
FPDKM5NidYM,Maa Amma Films Bhakti,#Video | #Pawan Singh | ‡§ï‡§µ‡§®‡§æ ‡§ï‡§≤‡§Æ‡§µ‡§æ‡§Å ‡§∏‡•á ‡§≤‡§ø‡§ñ‡§≤‡§Ω ‡§ï‡§∞‡§Æ‡§µ‡§æ‡§Å | #Priyanka Singh | Bhojpuri Chhath Geet 2025,2025-10-25 01:15:04+00:00,4732979,183486,21871,10
bMt5mNFcsT0,Saregama Tamil,Indian Penal Law (IPL) - Official Teaser | TTF Vasan | Kishore | Abhirami | Kushitha | Karunanithi,2025-10-24 03:54:00+00:00,1557011,134094,7117,10
a-ti4422nnQ,Teodorissimo - FunAnimation,Long Slide Game With Cow Elephant Gorilla Hippopotamus Tiger - 3d Animal Game - Funny 3d Animals,2025-10-27 15:11:18+00:00,790558,43201,864,24
dXadOReRKpE,Maurya Lokgeet,‡§õ‡§† ‡§™‡•Ç‡§ú‡§æ ‡§µ‡•ç‡§∞‡§§ ‡§ó‡•Ä‡§§ 2025 | ‡§ï‡§æ‡§Å‡§ö ‡§π‡•Ä ‡§¨‡§æ‡§Ç‡§∏ ‡§ï‡•á ‡§¨‡§π‡§Ç‡§ó‡§ø‡§Ø‡§æ | Kiran Maurya Chhath Puja Vrat Geet - #video,2025-10-27 06:00:36+00:00,224144,711,24,10
MyotpcIcR2M,Filmi Indian,Ekaki Trailer REVIEW Ashish Chanchlani | Deeksha Sharma,2025-10-27 12:20:55+00:00,391837,19604,483,24
IC6I5oaYeG0,JONATHAN GAMING,HACKER OR WHAT! | JONATHAN IS BACK!! | BGMI!,2025-10-27 00:51:35+00:00,2182116,175224,535,20
hm-cYTDo5dA,Play DMF,MERA HUA (ARIJIT SINGH)- Ek Deewane Ki Deewaniyat | Harshvardhan Rane & Sonam Bajwa| Annkur | Sachin,2025-10-28 05:30:04+00:00,361343,16746,1223,10
22oYiWnAcKM,Baahubali Movie,"Baahubali - The Epic Release Trailer (Telugu) | Prabhas, Rana | SS Rajamouli | 31st October 2025",2025-10-24 16:00:06+00:00,3711768,158270,2405,1
dShzOTXnxqE,Techno Gamerz,I PLAYED GTA 6 FANMADES,2025-10-25 09:24:25+00:00,5855110,281393,28391,20
3MaKc6Yykc0,Tuna Records,#‡§∞‡§Ç‡§ó‡§¶‡§æ‡§∞‡•Ä_‡§ó‡§æ‡§®‡§æ | ‡§∞‡§æ‡§á‡§´‡§≤ ‡§∏‡•á ‡§ñ‡•Å‡§ü‡§æ ‡§†‡•ã‡§ï‡§æ‡§≤‡§æ | #Tuntun_Yadav | Raifal Se khuta Thokala | Bhojpuri Video Song,2025-10-26 12:30:07+00:00,412077,4272,128,10
wfJVeASXC-g,Zeal Creations,ROI ROI BINALE TRAILER | ZUBEEN GARG | ACHURJYA | RAJESH BHUYAN | EYE CREATIONS | ZEAL CREATIONS |,2025-10-23 12:45:06+00:00,2191396,192070,15323,24
MivX8jsIt0c,ERIC is LIVE,#1 POSSIBLE ??? ONLY RUSH GAMEPLAY  UPDATE 4.0 | BGMI LIVE |#ericislive #bgmi #shorts #verticallive,2025-10-28 03:36:38+00:00,654265,10778,2,20
7I3uy9yESiQ,T-SERIES HARYANVI,"Barati - Ajay Hooda | Pooja Hooda | Pardeep , Peehu | New Haryanvi Song 2025 | T-Series Haryanvi",2025-10-28 05:28:19+00:00,828390,32526,3235,10
XgLlPN7oxwY,Geetha Arts ,The Girlfriend - Trailer [TELUGU] | Rashmika Mandanna | Dheekshith Shetty | Rahul Ravindran | Hesham,2025-10-25 06:36:03+00:00,3971319,34638,998,24
D_-_9Ph2jdY,Glex FF,LIVE üî¥ ROAD TO 1M üî• FREE FIRE LIVE üíÄ,2025-10-28 12:05:30+00:00,351542,2312,19,20
oRgq-Ak2DSc,Malu Nipanal Singer,"‡≤π‡≥á"" ‡≤°‡≥ç‡≤∞‡≥à‡≤µ‡≤∞.. | Hey Driver Ni Nanna Lover | Malu Nipanal Singer | Trupti UK Singer  | Janapada Song",2025-10-26 03:29:27+00:00,652061,26447,1101,24
Ep6CSZIZNqo,aha videoIN,Chiranjeeva Movie Trailer | Raj Tarun | Kushitha Kallapu | Abhinaya Krishna | Premieres 7th Nov |Aha,2025-10-27 10:30:26+00:00,403896,7158,142,24
9erPHtAQpUU,ADMINO Gaming,SOLO 9 FINISHES! ‚ù§Ô∏è‚Äçüî•| 17 FINISHES WWCD üíõ| ADMINO GAMING |,2025-10-28 03:30:14+00:00,283352,33275,716,20
JgJoY1XZVpA,Ahiran Films,Video | ‡§∞‡§æ‡§ú‡§æ ‡§ú‡•Ä ‡§ï‡•á ‡§§‡•Å‡§∞‡§≤ | Arvind Akela Kallu | Shilpi Raj | Raja Ji Ke Tural | New Bhojpuri Gana,2025-10-27 01:15:02+00:00,99882,373,8,10
qfcysUGAZ5M,Night Shift Studios,Dies Irae - RELEASE TRAILER (Malayalam) | Pranav Mohanlal,2025-10-25 06:30:18+00:00,896014,30682,1104,1
7nu472fOLiI,LoLzZz Gaming,50K UC SCARL CRATE OPENING | ULTIMATE ROYALE RANK PUSH | BGMI LIVE,2025-10-27 21:10:00+00:00,767259,44217,84,20
0uMzLcv832g,Sannu Kumar,Chhath Puja Song 2025 | Chhath Ke Gana | Sannu Kumar | Chhathi Maiya Ke Geet | Chhath Puja Ka Gana,2025-10-26 12:15:06+00:00,991592,4460,154,10
xCg1xY4GSOY,Netflix India,"Idli Kadai | Hindi Trailer | Dhanush, Nithya Menen | Netflix India",2025-10-26 10:30:00+00:00,1894941,42190,956,24
eosnmQ1_RQc,Flight Gamer,Franklin Blue Gang Vs Shinchan Green Gang Bus Challenge In GTA 5!,2025-10-28 07:35:02+00:00,269925,7395,842,20
D-XilN9Fnqo,T-Series,"Naach Meri Naagin (Official Video): Neelkamal Singh | Paradox,Soundarya S,Tanishk,Simar | Bhushan K",2025-10-28 05:30:07+00:00,2026599,78095,5216,10
b94PuLBbxHw,Jhand G Extra,GARMI ‡§á‡§§‡§®‡•Ä ‡§†‡§Ç‡§°‡•Ä ‡§ï‡•ç‡§Ø‡•Ç‡§Ç ‡§π‡•à | Ashish Yadav | Shree 420 Khesari Lal Yadav | Jhand G ,2025-10-28 05:25:34+00:00,65451,3358,302,22
pVFga-YmwvM,L_Niox_Z,#video - #‡§∞‡§æ‡§á‡§´‡§≤ ‡§∏‡•á ‡§ñ‡•Å‡§ü‡§æ ‡§†‡•ã‡§ï‡§≤‡§æ | #tuntunyadav ka song | #Raiphal se khuta thokala | #bhojpurisong,2025-10-26 03:17:00+00:00,640028,3364,130,10
mZzu9VrWJKQ,Emiway Bantai,EMIWAY BANTAI - MAT KAR LALA | OFFICIAL MUSIC  VIDEO | FTSTTS,2025-10-26 18:32:14+00:00,884102,114371,9723,10
M31OkViGAsI,B4U Bhojpuri,CHORNI SAAS KI JHUTHI BAHU OFFICIAL TRAILER -‡§ö‡•ã‡§∞‡§®‡•Ä ‡§∏‡§æ‡§∏ ‡§ï‡•Ä ‡§ù‡•Ç‡§†‡•Ä ‡§¨‡§π‡•Ç I NEW BHOJPURI MOVIE- RICHA DIXIT,2025-10-25 02:30:32+00:00,814409,3652,32,1
ZvLQoDYIzA4,Dattrax Gaming,THE BIGGEST ROBBERY IN MAFIA HOUSE in GTA 5 Real Life!üò± #59,2025-10-28 05:30:18+00:00,360633,18807,1578,20
1gD4nOsxKbs,Bahubali Music Live,#Video‚Äã ‡§Ö‡§∞‡§ò ‡§¶‡•á‡§¨‡•á ‡§õ‡§†‡•Ä ‡§ò‡§æ‡§ü‡§µ‡§æ ‡§Ü ‡§ó‡§à‡§®‡•Ä | #Tuntun‚Äã Yadav | Goldi Yadav | Chhath Puja New Song 2025 Hit,2025-10-26 00:30:02+00:00,587456,5018,129,10
wF71Zg9mO4k,MohitVerse,Ekaki Trailer - Reaction,2025-10-27 12:24:12+00:00,213543,18333,632,20
WrJPW6YxTio,BLOODLINE BATTLEGROUNDS,WWE LIVE : ROMAN REIGNS VS GIGI DOLIN FIGHT PT8 #verticallive #wwelivetoday,2025-10-28 11:46:51+00:00,609915,859,0,20
buiPOf8OunU,Sony Music South,They Call Him OG - Firestorm Video Song | Pawan Kalyan | Sujeeth | Thaman S | DVV Danayya,2025-10-27 12:30:49+00:00,461481,32406,607,10
8XU79vOolf8,Mythri Movie Makers,Dude Promo-4 (Tamil) | Pradeep Ranganathan | Mamitha Baiju | Keerthiswaran | Sai Abhyankkar,2025-10-28 07:08:38+00:00,20008,477,16,24
GBVGK0n50fo,Manya Gaming,15 Finishes WWCD | Solo 9 finishes | Highlights | MANYA GAMING ,2025-10-28 07:55:48+00:00,247905,34592,1227,20
uOxLh10Rw1Q,Wave Bhakti Special,Lyrical | ‡§ï‡•á‡§∞‡§µ‡§æ ‡§ï‡•á ‡§™‡§æ‡§§‡§µ‡§æ ‡§™‡•á ‡§®‡•á‡§µ‡§§‡§æ | Pawan Singh | Kerawa Ke Patawa Pa Newta Pethawani | Chhath Geet,2025-10-26 13:31:01+00:00,390749,1155,32,10
W0ktTz2sByA,Mr Kutty Star,Magudi Movie Tamil Trailer Update | Magudi Movie Tamil | Magudi Streaming On Astro | Magudi Trailer.,2025-10-28 02:48:08+00:00,31977,54,1,22
